College Name,Private,Apps,Accept,Enroll,Top10perc,Outstate,PhD,S.F.Ratio,perc.alumni,Expend,Grad.Rate,AccpetRate,Score
Abilene Christian University,Yes,1660,1232,721,23,7440,70,18.1,12,7041,60,0.74,0
Adelphi University,Yes,2186,1924,512,16,12280,29,12.2,16,10527,56,0.88,0
Adrian College,Yes,1428,1097,336,22,11250,53,12.9,30,8735,54,0.77,0
Agnes Scott College,Yes,417,349,137,60,12960,92,7.7,37,19016,59,0.84,0
Alaska Pacific University,Yes,193,146,55,16,7560,76,11.9,2,10922,15,0.76,0
Albertson College,Yes,587,479,158,38,13500,67,9.4,11,9727,55,0.82,0
Albertus Magnus College,Yes,353,340,103,17,13290,90,11.5,26,8861,63,0.96,0
Albion College,Yes,1899,1720,489,37,13868,89,13.7,37,11487,73,0.91,0
Albright College,Yes,1038,839,227,30,15595,79,11.3,23,11644,80,0.81,0
Alderson-Broaddus College,Yes,582,498,172,21,10468,40,11.5,15,8991,52,0.86,0
Alfred University,Yes,1732,1425,472,37,16548,82,11.3,31,10932,73,0.82,0
Allegheny College,Yes,2652,1900,484,44,17080,73,9.9,41,11711,76,0.72,0
Allentown Coll. of St. Francis de Sales,Yes,1179,780,290,38,9690,60,13.3,21,7940,74,0.66,0
Alma College,Yes,1267,1080,385,44,12572,79,15.3,32,9305,68,0.85,0
Alverno College,Yes,494,313,157,23,8352,36,11.1,26,8127,55,0.63,0
American International College,Yes,1420,1093,220,9,8700,78,14.7,19,7355,69,0.77,0
Amherst College,Yes,4302,992,418,83,19760,93,8.4,63,21424,100,0.23,0
Anderson University,Yes,1216,908,423,19,10100,48,12.1,14,7994,59,0.75,0
Andrews University,Yes,1130,704,322,14,9996,62,11.5,18,10908,46,0.62,0
Angelo State University,No,3540,2001,1016,24,5130,60,23.1,5,4010,34,0.57,0
Antioch University,Yes,713,661,252,25,15476,69,11.3,35,42926,48,0.93,0
Appalachian State University,No,7313,4664,1910,20,6806,83,18.3,14,5854,70,0.64,0
Aquinas College,Yes,619,516,219,20,11208,55,12.7,25,6584,65,0.83,0
Arizona State University Main campus,No,12809,10308,3761,24,7434,88,18.9,5,4602,48,0.8,0
Arkansas College (Lyon College),Yes,708,334,166,46,8644,79,12.6,24,14579,54,0.47,0
Arkansas Tech University,No,1734,1729,951,12,3460,57,19.6,5,4739,48,1,0
Assumption College,Yes,2135,1700,491,23,12000,93,13.8,30,7100,88,0.8,0
Auburn University-Main Campus,No,7548,6791,3070,25,6300,85,16.7,18,6642,69,0.9,0
Augsburg College,Yes,662,513,257,12,11902,65,12.8,31,7836,58,0.77,0
Augustana College IL,Yes,1879,1658,497,36,13353,78,12.7,40,9220,71,0.88,0
Augustana College,Yes,761,725,306,21,10990,66,10.4,30,6871,69,0.95,0
Austin College,Yes,948,798,295,42,11280,81,13,33,11361,71,0.84,0
Averett College,Yes,627,556,172,16,9925,59,22.4,11,6523,48,0.89,0
Baker University,Yes,602,483,206,21,8620,58,11,21,6136,65,0.8,0
Baldwin-Wallace College,Yes,1690,1366,662,30,10995,68,17.6,20,8086,85,0.81,0
Barat College,Yes,261,192,111,15,9690,57,9.7,35,9337,71,0.74,0
Bard College,Yes,1910,838,285,50,19264,98,10.4,30,13894,79,0.44,0
Barnard College,Yes,2496,1402,531,53,17926,83,10.3,33,12580,91,0.56,0
Barry University,Yes,990,784,279,18,11290,76,12.6,11,9084,72,0.79,0
Baylor University,Yes,6075,5349,2367,34,6450,71,18.5,38,7503,72,0.88,0
Beaver College,Yes,1163,850,348,23,12850,78,12.2,30,8954,73,0.73,0
Bellarmine College,Yes,807,707,308,39,8840,74,13.1,31,6668,84,0.88,0
Belmont Abbey College,Yes,632,494,129,17,9000,78,13.2,10,7550,52,0.78,0
Belmont University,Yes,1220,974,481,28,7800,61,11.1,19,7614,49,0.8,0
Beloit College,Yes,1320,923,284,26,16304,87,11.1,26,12957,69,0.7,0
Bemidji State University,No,1208,877,546,12,4425,57,19.6,16,3752,46,0.73,0
Benedictine College,Yes,632,620,222,14,9550,64,14.1,18,5922,58,0.98,0
Bennington College,Yes,519,327,114,25,21700,35,10.1,33,16364,55,0.63,0
Bentley College,Yes,3466,2330,640,20,13800,87,17.5,20,10941,82,0.67,0
Berry College,Yes,1858,1221,480,37,8050,80,16.3,17,10511,63,0.66,0
Bethany College,Yes,878,816,200,16,8740,62,11.6,29,7718,48,0.93,0
Bethel College KS,Yes,202,184,122,19,8540,61,8.8,32,8324,56,0.91,0
Bethel College,Yes,502,384,104,11,6200,63,11.7,13,7623,35,0.76,0
Bethune Cookman College,Yes,1646,1150,542,12,5188,48,13.8,9,6817,58,0.7,0
Birmingham-Southern College,Yes,805,588,287,67,11660,74,14,34,8649,72,0.73,0
Blackburn College,Yes,500,336,156,25,6500,76,14.3,53,8377,51,0.67,0
Bloomsburg Univ. of Pennsylvania,No,6773,3028,1025,15,7844,66,18,19,7041,75,0.45,0
Bluefield College,Yes,377,358,181,15,7150,61,17.8,3,6259,53,0.95,0
Bluffton College,Yes,692,514,209,20,9900,76,13.3,19,9073,58,0.74,0
Boston University,Yes,20192,13007,3810,45,18420,80,11.9,16,16836,72,0.64,0
Bowdoin College,Yes,3356,1019,418,76,19030,93,11.2,52,20447,96,0.3,0
Bowling Green State University,No,9251,7333,3076,14,7452,81,21.1,14,6918,67,0.79,0
Bradford College,Yes,443,330,151,5,14080,57,10.2,21,15387,46,0.74,0
Bradley University,Yes,3767,3414,1061,30,10870,75,14.4,21,7671,85,0.91,0
Brandeis University,Yes,4186,2743,740,48,19380,90,9.8,24,17150,84,0.66,0
Brenau University,Yes,367,274,158,12,9592,71,13.7,12,5935,49,0.75,0
Brewton-Parker College,Yes,1436,1228,1202,10,4371,62,12.6,10,4900,18,0.86,0
Briar Cliff College,Yes,392,351,155,16,10260,39,13.1,26,8355,58,0.9,0
Bridgewater College,Yes,838,673,292,22,10265,68,13.2,24,8655,82,0.8,0
Brigham Young University at Provo,Yes,7365,5402,4615,48,2340,76,20.5,40,7916,33,0.73,0
Brown University,Yes,12586,3239,1462,87,19528,99,7.6,39,20440,97,0.26,0
Bryn Mawr College,Yes,1465,810,313,71,18165,100,12.3,49,17449,89,0.55,0
Bucknell University,Yes,6548,3813,862,49,18550,95,14.2,36,13675,93,0.58,0
Buena Vista College,Yes,860,688,285,32,13306,62,8.8,10,6333,78,0.8,0
Butler University,Yes,2362,2037,700,40,13130,77,10.9,29,9511,83,0.86,0
Cabrini College,Yes,599,494,224,8,10518,59,16.5,36,7117,71,0.82,0
Caldwell College,Yes,1011,604,213,17,8900,87,13.9,25,7922,55,0.6,0
California Lutheran University,Yes,563,247,247,23,12950,72,12.4,17,8985,60,0.44,0
California Polytechnic-San Luis,No,7811,3817,1650,47,7380,72,19.8,13,8453,59,0.49,0
California State University at Fresno,No,4540,3294,1483,5,7706,90,21.2,8,7268,61,0.73,0
Calvin College,Yes,1784,1512,913,29,10230,75,14.8,41,7786,81,0.85,0
Campbell University,Yes,2087,1339,657,20,7550,77,21.8,34,3739,63,0.64,0
Campbellsville College,Yes,848,587,298,25,6060,62,17.7,13,5391,49,0.69,0
Canisius College,Yes,2853,2193,753,16,10750,90,14.6,26,7972,64,0.77,0
Capital University,Yes,1747,1382,449,34,13050,64,12.1,27,9557,83,0.79,0
Capitol College,Yes,100,90,35,10,8400,10,12.1,24,7976,52,0.9,0
Carleton College,Yes,2694,1579,489,75,19292,81,10.4,60,17960,91,0.59,0
Carnegie Mellon University,Yes,8728,5201,1191,60,17900,86,9.2,31,24386,74,0.6,0
Carroll College,Yes,1160,991,352,19,12200,74,17.8,25,7666,79,0.85,0
Carson-Newman College,Yes,1096,951,464,27,8150,61,13.6,16,6716,67,0.87,0
Carthage College,Yes,1616,1427,434,20,13125,74,15.9,22,7364,62,0.88,0
Case Western Reserve University,Yes,3877,3156,713,71,15700,95,2.9,29,19733,67,0.81,0
Castleton State College,No,1257,940,363,9,7656,89,14.7,8,6318,79,0.75,0
Catawba College,Yes,1083,880,291,13,9270,75,13.5,27,8425,55,0.81,0
Catholic University of America,Yes,1754,1465,505,24,13712,90,9.3,18,12751,75,0.84,0
Cazenovia College,Yes,3847,3433,527,9,9384,22,14.3,20,7697,118,0.89,0
Cedar Crest College,Yes,776,607,198,25,14340,58,11.7,39,10961,74,0.78,0
Cedarville College,Yes,1307,1090,616,25,7344,50,15.3,34,6897,64,0.83,0
Centenary College,Yes,369,312,90,12,11400,41,9.5,20,9583,24,0.85,0
Centenary College of Louisiana,Yes,495,434,210,35,8950,86,11.3,25,9685,66,0.88,0
Center for Creative Studies,Yes,601,396,203,1,11230,8,6.8,4,13025,47,0.66,0
Central College,Yes,1283,1113,401,31,10938,76,13.5,29,8444,67,0.87,0
Central Connecticut State University,No,4158,2532,902,6,5962,69,16.7,4,4900,49,0.61,0
Central Missouri State University,No,4681,4101,1436,10,4620,69,19.7,4,5501,50,0.88,0
Central Washington University,No,2785,2011,1007,8,7242,67,18.1,0,6413,51,0.72,0
Central Wesleyan College,Yes,174,146,88,8,8300,62,15.2,18,3365,58,0.84,0
Centre College,Yes,1013,888,288,55,11850,95,11.4,60,13118,74,0.88,0
Chapman University,Yes,959,771,351,23,16624,72,12.8,6,12692,47,0.8,0
Chatham College,Yes,212,197,91,28,13500,95,9.3,37,16095,52,0.93,0
Chestnut Hill College,Yes,342,254,126,25,10335,71,8.3,29,7729,73,0.74,0
Christendom College,Yes,81,72,51,33,8730,92,9.3,17,10922,58,0.89,0
Christian Brothers University,Yes,880,520,224,16,9300,81,11.1,24,8129,63,0.59,0
Christopher Newport University,No,883,766,428,3,7860,80,21.2,16,4639,48,0.87,0
Claflin College,Yes,1196,697,499,21,4412,69,16.9,31,7083,21,0.58,0
Claremont McKenna College,Yes,1860,767,227,71,17000,99,9.6,52,18443,87,0.41,0
Clark University,Yes,2887,2059,457,30,17500,94,10.5,35,11951,79,0.71,0
Clarke College,Yes,460,340,167,14,10740,67,11,27,7963,74,0.74,0
Clarkson University,Yes,2174,1953,557,35,15960,95,15.8,32,11659,77,0.9,0
Clemson University,No,8065,5257,2301,37,8116,82,18,17,7597,73,0.65,0
Clinch Valley Coll. of  the Univ. of Virginia,No,689,561,250,15,7168,67,18.1,9,4417,46,0.81,0
Coe College,Yes,1006,742,275,29,13925,73,12.7,32,10141,67,0.74,0
Coker College,Yes,604,452,295,15,9888,64,12.1,39,8741,75,0.75,0
Colby College,Yes,2848,1319,456,58,18930,83,10.2,41,15954,91,0.46,0
Colgate University,Yes,4856,2492,727,46,19510,95,10.5,45,15494,93,0.51,0
College Misericordia,Yes,1432,888,317,29,10860,56,12.9,23,8604,96,0.62,0
College of Charleston,No,4772,3140,1265,22,6120,73,17.2,18,4776,51,0.66,0
College of Mount St. Joseph,Yes,798,620,238,14,9800,46,11.1,35,6889,100,0.78,0
College of Mount St. Vincent,Yes,946,648,177,23,11790,75,11.9,35,10015,83,0.68,0
College of Notre Dame,Yes,344,264,97,11,12600,77,10.4,7,9773,43,0.77,0
College of Notre Dame of Maryland,Yes,457,356,177,35,11180,64,11.5,32,7477,75,0.78,0
College of Saint Benedict,Yes,938,864,511,29,12247,70,13.1,26,8847,72,0.92,0
College of Saint Catherine,Yes,511,411,186,23,12224,63,11.5,32,7315,77,0.8,0
College of Saint Elizabeth,Yes,444,359,122,34,10900,68,11.4,23,9447,78,0.81,0
College of Saint Rose,Yes,983,664,249,23,9990,66,14.3,28,6084,64,0.68,0
College of Santa Fe,Yes,546,447,189,16,11138,40,14,7,8820,80,0.82,0
College of St. Joseph,Yes,141,118,55,12,8300,53,9.5,19,6936,76,0.84,0
College of St. Scholastica,Yes,672,596,278,29,11844,54,11.6,33,8996,72,0.89,0
College of the Holy Cross,Yes,2994,1691,659,70,18000,92,11.3,55,12138,95,0.56,0
College of William and Mary,No,7117,3106,1217,68,11720,89,12.1,31,9534,93,0.44,0
College of Wooster,Yes,2100,1883,553,29,16240,84,11.1,43,14140,69,0.9,0
Colorado College,Yes,3207,1577,490,56,17142,85,11.3,51,14664,84,0.49,0
Colorado State University,No,9478,6312,2194,29,8412,87,19.2,10,7850,59,0.67,0
Columbia College MO,Yes,314,158,132,10,8294,87,15.3,2,5015,37,0.5,0
Columbia College,Yes,737,614,242,21,10425,61,14.7,34,8693,76,0.83,0
Columbia University,Yes,6756,1930,871,78,18624,97,5.9,21,30639,99,0.29,0
Concordia College at St. Paul,Yes,281,266,139,13,10500,69,12.8,18,6955,45,0.95,0
Concordia Lutheran College,Yes,232,216,106,16,6900,67,12.1,9,6875,42,0.93,0
Concordia University CA,Yes,688,497,144,30,10800,55,13.1,13,8415,55,0.72,0
Concordia University,Yes,528,403,186,22,9216,56,12.1,13,7309,75,0.76,0
Connecticut College,Yes,3035,1546,438,42,18740,86,10.7,40,14773,91,0.51,0
Converse College,Yes,440,407,149,35,12050,63,10.2,31,10965,75,0.93,0
Cornell College,Yes,1538,1329,383,33,15248,71,12.2,31,10340,64,0.86,0
Creighton University,Yes,2967,2836,876,30,10628,85,6.5,32,22906,85,0.96,0
Culver-Stockton College,Yes,1576,1110,274,24,8000,51,14.1,28,5807,51,0.7,0
Cumberland College,Yes,995,789,398,26,6230,42,13,4,8189,63,0.79,0
D'Youville College,Yes,866,619,157,18,8920,68,14.6,42,6898,46,0.71,0
Dana College,Yes,504,482,185,10,9130,46,12.6,25,8686,54,0.96,0
Daniel Webster College,Yes,585,508,153,12,12292,61,22.2,10,8643,72,0.87,0
Dartmouth College,Yes,8587,2273,1087,87,19545,95,4.7,49,29619,98,0.26,0
Davidson College,Yes,2373,956,452,77,17295,95,12,46,17581,94,0.4,0
Defiance College,Yes,571,461,174,10,10850,58,12.8,19,7505,56,0.81,0
Delta State University,No,967,945,459,15,4528,49,17.1,16,5113,58,0.98,0
Denison University,Yes,2762,2279,533,32,16900,88,11.6,45,12423,81,0.83,0
DePauw University,Yes,1994,1656,495,50,14300,78,11.1,31,11525,82,0.83,0
Dickinson College,Yes,3014,2539,487,31,18700,87,11.2,39,13861,87,0.84,0
Dickinson State University,No,434,412,319,10,4486,50,16.5,28,4525,46,0.95,0
Dillard University,Yes,1998,1376,651,41,6700,52,14.1,12,7566,61,0.69,0
Doane College,Yes,793,709,244,20,9570,67,15.1,42,6852,60,0.89,0
Dominican College of Blauvelt,Yes,360,329,108,4,8310,43,12.7,5,5480,54,0.91,0
Dordt College,Yes,604,562,328,25,9800,61,12.5,17,7325,87,0.93,0
Dowling College,Yes,1011,829,410,9,9000,77,12.4,7,11178,42,0.82,0
Drake University,Yes,2799,2573,839,34,13420,88,15,24,9473,77,0.92,0
Drew University,Yes,2153,1580,321,56,18432,93,10.2,28,14907,83,0.73,0
Drury College,Yes,700,650,314,33,8730,82,13.2,35,9303,67,0.93,0
Duke University,Yes,13789,3893,1583,90,18590,95,5,44,27206,97,0.28,0
Earlham College,Yes,1358,1006,274,35,15036,90,10.6,46,14634,78,0.74,0
East Carolina University,No,9274,6362,2435,14,7248,74,13.2,18,9002,58,0.69,0
East Tennessee State University,No,3330,2730,1303,15,5800,73,14,9,9825,42,0.82,0
East Texas Baptist University,Yes,379,341,265,10,4950,62,15.7,7,5619,38,0.9,0
Eastern College,Yes,458,369,165,16,11190,60,13.6,22,8135,54,0.81,0
Eastern Connecticut State University,No,2172,1493,564,14,5962,71,16.9,14,5719,50,0.69,0
Eastern Illinois University,No,5597,4253,1565,12,5710,62,16.2,5,5682,76,0.76,0
Eastern Mennonite College,Yes,486,440,227,19,9650,46,11.4,29,10188,82,0.91,0
Eastern Nazarene College,Yes,516,409,200,17,8770,58,17.3,17,6430,70,0.79,0
Eckerd College,Yes,1422,1109,366,33,15360,82,12.8,26,15003,59,0.78,0
Elizabethtown College,Yes,2417,1843,426,36,14190,65,12.8,25,9815,81,0.76,0
Elmira College,Yes,1457,1045,345,27,14990,77,21.5,21,7502,64,0.72,0
Elms College,Yes,245,208,125,23,11800,71,11.3,21,8952,86,0.85,0
Elon College,Yes,3624,2786,858,11,9100,70,18.9,34,6329,63,0.77,0
Embry Riddle Aeronautical University,Yes,3151,2584,958,14,7800,37,16.5,4,12878,44,0.82,0
Emory & Henry College,Yes,765,646,226,30,8578,79,13.9,51,8061,82,0.84,0
Emory University,Yes,8506,4168,1236,76,17600,97,5,28,28457,96,0.49,0
Emporia State University,No,1256,1256,853,43,5401,72,19.3,4,5527,50,1,0
Erskine College,Yes,659,557,167,47,10485,76,13.5,47,7527,67,0.85,0
Eureka College,Yes,560,454,113,36,10955,62,10.6,31,9552,53,0.81,0
Evergreen State College,No,1801,1101,438,14,6297,75,18.1,14,8355,68,0.61,0
Fairfield University,Yes,4784,3346,781,30,15000,86,15.1,30,11220,94,0.7,0
Fayetteville State University,No,1455,1064,452,1,6806,75,15.1,10,6972,24,0.73,0
Ferrum College,Yes,1339,1107,336,12,9400,53,12.5,9,7967,22,0.83,0
Flagler College,Yes,1415,714,338,18,5120,52,18.1,9,3930,69,0.5,0
Florida Institute of Technology,Yes,1947,1580,523,39,13900,90,10.6,7,8923,57,0.81,0
Florida International University,No,3306,2079,1071,42,6597,81,13.9,20,6722,66,0.63,0
Florida Southern College,Yes,1381,1040,374,20,8025,65,17.4,10,6339,68,0.75,0
Florida State University,No,11651,8683,3023,50,6680,80,23.1,15,7250,58,0.75,0
Fontbonne College,Yes,291,245,126,16,8390,45,21.5,24,4607,62,0.84,0
Fordham University,Yes,4200,2874,942,30,14235,86,14.4,14,10864,80,0.68,0
Fort Lewis College,No,3440,2823,1123,16,6198,89,19.1,6,4362,46,0.82,0
Francis Marion University,No,1801,1655,819,13,5840,76,19.1,8,5039,43,0.92,0
Franciscan University of Steubenville,Yes,553,452,228,22,9650,57,14.9,8,6336,83,0.82,0
Franklin College,Yes,804,632,281,29,10390,54,12.5,37,11751,60,0.79,0
Franklin Pierce College,Yes,5187,4471,446,3,13320,50,17.6,16,6418,51,0.86,0
Freed-Hardeman University,Yes,895,548,314,20,5500,68,16.1,13,6078,62,0.61,0
Fresno Pacific College,Yes,346,274,146,51,9900,59,10.5,14,8095,54,0.79,0
Furman University,Yes,2161,1951,685,56,13440,92,13.5,28,12940,82,0.9,0
Gannon University,Yes,2464,1908,678,24,10970,47,13.3,18,7711,65,0.77,0
Gardner Webb University,Yes,1110,930,332,18,8180,65,15.2,12,5664,29,0.84,0
Geneva College,Yes,668,534,237,19,9476,67,20.1,26,6786,74,0.8,0
George Fox College,Yes,809,726,294,27,12500,53,13.5,22,7136,52,0.9,0
George Mason University,No,5653,4326,1727,17,10800,93,19.3,7,6751,46,0.77,0
George Washington University,Yes,7875,5062,1492,38,17450,92,7.6,15,14745,72,0.64,0
Georgetown College,Yes,727,693,286,30,8100,73,13.3,28,7508,55,0.95,0
Georgetown University,Yes,11115,2881,1390,71,18300,91,7.2,27,19635,95,0.26,0
Georgia Institute of Technology,No,7837,4527,2276,89,6489,92,19.3,33,11271,70,0.58,0
Georgia State University,No,3793,2341,1238,9,6744,87,19,10,7762,34,0.62,0
Georgian Court College,Yes,348,281,127,12,9150,56,12.2,27,7348,76,0.81,0
Gettysburg College,Yes,3596,2466,575,42,19964,94,12.1,32,14720,83,0.69,0
Goldey Beacom College,Yes,633,468,284,10,6120,25,27.6,4,6081,36,0.74,0
Gonzaga University,Yes,1886,1524,526,31,13000,78,14.7,32,9553,69,0.81,0
Gordon College,Yes,674,565,282,25,12200,73,14.2,32,9226,66,0.84,0
Goshen College,Yes,440,396,221,26,9420,51,9.9,46,10270,72,0.9,0
Goucher College,Yes,1151,813,248,40,15588,78,9.2,34,16623,77,0.71,0
Grace College and Seminary,Yes,548,428,167,18,8958,53,15.3,26,9798,64,0.78,0
Graceland College,Yes,555,414,242,14,9100,51,23.6,24,5609,47,0.75,0
Grand Valley State University,No,5165,3887,1561,20,6108,64,20.6,9,5063,57,0.75,0
Green Mountain College,Yes,780,628,198,7,11750,77,14,24,6475,76,0.81,0
Greensboro College,Yes,608,494,176,10,8330,64,13,31,7949,39,0.81,0
Greenville College,Yes,510,387,194,20,10310,57,14.3,16,8222,60,0.76,0
Grinnell College,Yes,2039,1389,432,56,15688,88,9.5,54,18979,83,0.68,0
Grove City College,Yes,2491,1110,573,57,5224,65,18.4,18,4957,100,0.45,0
Guilford College,Yes,1202,1054,326,18,13404,78,15.6,30,9114,65,0.88,0
Gustavus Adolphus College,Yes,1709,1385,634,36,14125,79,12.5,58,9907,80,0.81,0
Gwynedd Mercy College,Yes,380,237,104,30,11000,36,7.8,22,7483,96,0.62,0
Hamilton College,Yes,3140,1783,454,40,19700,91,9.6,60,17761,91,0.57,0
Hamline University,Yes,1006,825,328,34,13252,89,13,33,10296,65,0.82,0
Hampden - Sydney College,Yes,817,644,307,20,13218,95,13.3,53,12263,69,0.79,0
Hampton University,Yes,7178,3755,1433,25,7161,60,14,9,6791,70,0.52,0
Hanover College,Yes,1006,837,317,33,8200,84,10.6,26,9248,64,0.83,0
Hardin-Simmons University,Yes,467,424,350,16,6300,75,13.7,10,7054,38,0.91,0
Harding University,Yes,1721,1068,806,35,5504,71,17.7,37,6466,73,0.62,0
Hartwick College,Yes,2083,1725,430,22,17480,75,12.3,32,11625,73,0.83,0
Harvard University,Yes,13865,2165,1606,90,18485,97,9.9,52,37219,100,0.16,0
Harvey Mudd College,Yes,1377,572,178,95,17230,100,8.2,46,21569,100,0.42,0
Hastings College,Yes,817,708,262,22,9376,57,13,17,7335,52,0.87,0
Hendrix College,Yes,823,721,274,52,8800,82,13.1,26,8588,63,0.88,0
Hillsdale College,Yes,920,745,347,35,11090,80,12,31,12639,79,0.81,0
Hiram College,Yes,922,729,244,37,14067,75,10.6,34,12165,79,0.79,0
Hobart and William Smith Colleges,Yes,2688,2081,500,25,19029,99,12.1,37,13040,79,0.77,0
Hofstra University,Yes,7428,5860,1349,25,11600,81,13.9,10,10093,60,0.79,0
Hollins College,Yes,602,498,215,26,13470,78,11.1,48,13957,72,0.83,0
Hood College,Yes,699,565,176,36,13960,82,14.4,34,12434,72,0.81,0
Hope College,Yes,1712,1483,624,37,12275,72,12.5,40,9284,72,0.87,0
Houghton College,Yes,949,786,302,30,9990,85,15,24,8187,67,0.83,0
Huntingdon College,Yes,608,520,127,26,8080,63,11.4,9,7703,44,0.86,0
Huntington College,Yes,450,430,125,20,9950,76,11.8,25,9466,47,0.96,0
Huron University,Yes,600,197,124,3,7260,31,12.9,4,9249,21,0.33,0
Husson College,Yes,723,652,361,10,7800,36,22,4,4923,84,0.9,0
Illinois Benedictine College,Yes,607,558,269,22,10500,81,11.6,29,8324,75,0.92,0
Illinois College,Yes,894,787,262,28,8050,75,15.6,30,7348,52,0.88,0
Illinois Institute of Technology,Yes,1756,1360,478,42,14550,80,12.3,26,12851,56,0.77,0
Illinois State University,No,8681,6695,2408,10,7799,77,21,16,5569,54,0.77,0
Illinois Wesleyan University,Yes,3050,1342,471,55,14360,77,12.9,34,9605,83,0.44,0
Immaculata College,Yes,268,253,103,16,10000,56,11.2,33,7305,69,0.94,0
Incarnate Word College,Yes,1163,927,386,16,8840,67,11.4,21,6095,95,0.8,0
Indiana State University,No,5659,4761,3147,10,6892,72,16.6,8,6996,40,0.84,0
Indiana University at Bloomington,No,16587,13243,5873,25,9766,77,21.3,24,8686,68,0.8,0
Indiana Wesleyan University,Yes,735,423,366,20,9210,49,39.8,15,6562,34,0.58,0
Iona College,Yes,4892,3530,913,13,10690,66,16,14,8107,66,0.72,0
Iowa State University,No,8427,7424,3441,26,7550,81,19.2,22,8420,65,0.88,0
Ithaca College,Yes,7259,5526,1368,23,14424,58,11.5,25,9812,75,0.76,0
James Madison University,No,11223,5285,2082,32,7994,77,17.9,29,5212,98,0.47,0
Jamestown College,Yes,472,410,262,14,7620,51,17,21,3186,54,0.87,0
Jersey City State College,No,2957,1423,691,10,3946,63,14.9,10,8367,26,0.48,0
John Brown University,Yes,605,405,284,24,6398,68,13.3,19,8118,75,0.67,0
John Carroll University,Yes,2421,2109,820,27,11700,89,14.5,28,7738,89,0.87,0
Johns Hopkins University,Yes,8474,3446,911,75,18800,96,3.3,38,56233,90,0.41,0
Johnson State College,No,833,669,279,3,7656,80,14.4,15,6564,36,0.8,0
Judson College,Yes,313,228,137,10,9414,34,10.6,30,7840,56,0.73,0
Juniata College,Yes,1005,859,298,36,14850,97,12.7,37,12067,80,0.85,0
Kansas State University,No,5880,4075,2833,25,6995,76,18.5,22,6122,54,0.69,0
Kansas Wesleyan University,Yes,589,575,148,16,8400,63,12.4,14,6535,68,0.98,0
Keene State College,No,3121,2446,822,5,7870,73,16.1,13,6195,61,0.78,0
Kentucky Wesleyan College,Yes,584,497,175,20,8000,57,11.3,32,7058,62,0.85,0
Kenyon College,Yes,2212,1538,408,44,19240,95,11.1,46,14067,88,0.7,0
Keuka College,Yes,461,381,174,10,9600,55,13.3,43,7863,51,0.83,0
King's College,Yes,1456,1053,381,20,10910,66,15.6,37,7649,87,0.72,0
King College,Yes,355,300,142,34,8664,65,10.7,25,8954,65,0.85,0
Knox College,Yes,1040,845,286,48,15747,88,12.7,33,13224,79,0.81,0
La Roche College,Yes,361,321,185,10,8842,57,14.2,14,7022,52,0.89,0
La Salle University,Yes,2929,1834,622,20,12600,90,15.1,9,9084,84,0.63,0
Lafayette College,Yes,4010,2402,572,36,18730,93,10.5,38,15365,92,0.6,0
LaGrange College,Yes,544,399,177,15,6987,77,12.5,12,9067,75,0.73,0
Lake Forest College,Yes,979,638,271,31,16880,91,10.7,19,15687,77,0.65,0
Lakeland College,Yes,497,452,231,24,9400,49,17.2,25,4054,57,0.91,0
Lamar University,No,2336,1725,1043,10,4752,48,18.4,12,5879,26,0.74,0
Lambuth University,Yes,831,538,224,15,5170,61,16.1,10,5531,60,0.65,0
Lander University,No,1166,1009,510,9,4938,67,17,11,6119,51,0.87,0
Lawrence University,Yes,1243,947,324,50,17163,76,10.1,57,13965,77,0.76,0
Le Moyne College,Yes,1470,1199,425,21,11040,89,13.3,28,8118,94,0.82,0
Lebanon Valley College,Yes,1386,1060,320,28,13850,84,12.3,30,8196,85,0.76,0
Lehigh University,Yes,6397,4304,1092,40,18700,96,12.5,43,14665,91,0.67,0
Lenoir-Rhyne College,Yes,979,743,259,25,10100,88,12,20,8539,66,0.76,0
Lesley College,Yes,244,198,82,12,11700,71,27.8,18,8694,58,0.81,0
LeTourneau University,Yes,477,417,204,29,8840,58,20.8,23,6863,56,0.87,0
Lewis and Clark College,Yes,2774,2092,482,35,15800,97,12.3,21,12999,69,0.75,0
Lewis University,Yes,1154,1050,395,12,10560,36,14.3,10,7701,61,0.91,0
Lincoln Memorial University,Yes,787,562,363,21,5950,67,14.6,35,5177,53,0.71,0
Lincoln University,No,1660,1091,326,15,4818,71,12.6,8,10912,45,0.66,0
Lindenwood College,Yes,810,484,356,6,9200,65,24.1,9,3480,100,0.6,0
Linfield College,Yes,1561,1188,458,48,13380,89,17.8,34,8747,81,0.76,0
Livingstone College,Yes,900,473,217,22,4400,53,10.4,16,9268,92,0.53,0
Lock Haven University of Pennsylvania,No,3570,2215,651,17,7352,47,16.1,14,6374,63,0.62,0
Longwood College,No,2747,1870,724,12,7920,74,18.4,23,5553,62,0.68,0
Loras College,Yes,1641,1283,527,20,11200,61,14.2,24,7578,70,0.78,0
Louisiana College,Yes,2013,1053,212,33,5150,64,10.5,11,7547,59,0.52,0
Louisiana State University at Baton Rouge,No,5996,4993,3079,29,5925,83,15.9,11,6741,37,0.83,0
Louisiana Tech University,No,2397,2144,1525,22,3957,66,20,13,4546,45,0.89,0
Loyola College,Yes,4076,3137,738,25,12990,86,14.7,27,9448,80,0.77,0
Loyola Marymount University,Yes,3768,2662,753,42,13592,84,14.2,10,11677,84,0.71,0
Loyola University,Yes,1891,1698,719,24,11100,77,11.7,14,9456,53,0.9,0
Loyola University Chicago,Yes,3579,2959,868,25,11500,94,6.2,15,13009,65,0.83,0
Luther College,Yes,1549,1392,587,38,13240,73,13.8,38,8949,77,0.9,0
Lycoming College,Yes,1286,1005,363,16,13900,75,14,32,8024,72,0.78,0
Lynchburg College,Yes,1756,1500,366,3,12450,62,12.4,24,8832,70,0.85,0
Lyndon State College,No,535,502,223,6,7320,48,12.6,15,7114,51,0.94,0
Macalester College,Yes,2939,1496,452,56,15909,85,11.9,37,14213,77,0.51,0
MacMurray College,Yes,740,558,177,12,9620,49,10.8,33,10642,59,0.75,0
Malone College,Yes,874,758,428,21,9858,42,17.6,16,4796,55,0.87,0
Manchester College,Yes,1004,802,239,23,10440,63,11.8,20,7940,64,0.8,0
Manhattan College,Yes,2432,1730,563,20,12370,92,13.6,25,10062,79,0.71,0
Manhattanville College,Yes,962,750,212,21,14700,97,11.3,24,11291,70,0.78,0
Mankato State University,No,3073,2672,1547,9,4300,57,19,11,5801,68,0.87,0
Marian College of Fond du Lac,Yes,824,670,337,15,9400,37,8.4,21,5352,59,0.81,0
Marietta College,Yes,1611,960,342,27,13850,80,13.2,30,10223,96,0.6,0
Marist College,Yes,4731,3171,830,12,10700,74,17.6,34,8408,69,0.67,0
Marquette University,Yes,5152,4600,1685,36,11610,86,13.5,25,9982,77,0.89,0
Marshall University,Yes,4226,3666,2007,14,5094,77,16.6,10,6203,50,0.87,0
Mary Baldwin College,Yes,499,441,199,26,11200,66,6.8,50,10819,90,0.88,0
Mary Washington College,No,4350,2178,756,39,6490,75,17.6,30,5358,84,0.5,0
Marymount College Tarrytown,Yes,478,327,117,9,11510,71,10.3,30,10502,77,0.68,0
Marymount Manhattan College,Yes,695,535,239,21,10200,63,11.7,20,10622,68,0.77,0
Marymount University,Yes,941,772,214,10,11390,77,10.6,17,8575,55,0.82,0
Maryville College,Yes,1464,888,176,26,11200,80,11.1,43,8317,51,0.61,0
Maryville University,Yes,549,397,169,26,9250,52,13.1,13,5925,61,0.72,0
Marywood College,Yes,1107,859,323,13,11040,65,11.8,30,9034,66,0.78,0
Massachusetts Institute of Technology,Yes,6411,2140,1078,96,20100,99,10.1,35,33541,94,0.33,0
Mayville State University,No,233,233,153,5,4486,68,15.7,11,6971,51,1,0
McKendree College,Yes,1002,555,119,16,7680,70,17.7,21,6652,52,0.55,0
McMurry University,Yes,578,411,187,25,6930,57,11,11,6383,32,0.71,0
McPherson College,Yes,420,293,93,11,7950,54,9.8,45,9754,48,0.7,0
Mercer University,Yes,2286,1668,564,37,11985,93,9.2,15,8995,91,0.73,0
Mercyhurst College,Yes,1557,1074,397,15,9813,45,16.7,29,7307,78,0.69,0
Meredith College,Yes,857,772,376,25,6720,77,13.9,33,6881,82,0.9,0
Merrimack College,Yes,1981,1541,514,18,12500,73,16.8,22,8707,80,0.78,0
Mesa State College,No,1584,1456,891,6,5016,48,28.8,12,3871,59,0.92,0
Messiah College,Yes,1742,1382,607,30,10300,68,14.1,30,7762,89,0.79,0
Miami University at Oxford,No,9239,7788,3290,35,8856,81,17.6,20,7846,85,0.84,0
Michigan State University,No,18114,15096,6180,23,10658,93,14,9,10520,71,0.83,0
Michigan Technological University,No,2618,2288,1032,42,8127,82,17,25,7473,65,0.87,0
MidAmerica Nazarene College,Yes,331,331,225,15,6840,33,15.4,20,5524,49,1,0
Millersville University of Penn.,No,6011,3075,960,22,7844,72,16.8,20,7832,71,0.51,0
Milligan College,Yes,610,461,189,26,8200,63,12,16,8128,64,0.76,0
Millikin University,Yes,1444,1261,456,29,11910,60,11.4,25,8149,75,0.87,0
Millsaps College,Yes,905,834,319,32,11320,82,12.7,38,11218,58,0.92,0
Milwaukee School of Engineering,Yes,1217,1088,496,36,11505,35,16.7,23,7140,67,0.89,0
Mississippi College,Yes,594,385,307,36,5580,77,16.5,18,6170,61,0.65,0
Mississippi State University,No,4255,3277,1609,18,9866,77,15.9,20,6223,53,0.77,0
Mississippi University for Women,No,480,405,380,19,4386,49,15.8,8,5704,63,0.84,0
Missouri Southern State College,No,1576,1326,913,13,3840,52,20.3,9,4172,100,0.84,0
Missouri Valley College,Yes,1310,983,316,5,8550,35,17.4,16,4333,27,0.75,0
Monmouth College IL,Yes,601,503,204,28,13000,91,11.6,43,11087,56,0.84,0
Monmouth College,Yes,2707,1881,478,14,12480,70,14.2,15,9492,54,0.69,0
Montana College of Mineral Sci. & Tech.,No,572,544,320,45,6073,71,16.4,31,6112,74,0.95,0
Montana State University,No,3500,2836,1779,15,5552,75,17.6,8,6324,37,0.81,0
Montclair State University,No,5220,2128,865,19,3648,82,21.5,9,6717,58,0.41,0
Montreat-Anderson College,Yes,263,223,103,10,8438,42,11.1,4,11989,15,0.85,0
Moorhead State University,No,2442,2164,1189,12,4426,76,18.1,19,4795,60,0.89,0
Moravian College,Yes,1232,955,303,23,14990,86,15.2,28,9566,74,0.78,0
Morehouse College,Yes,3708,1678,722,41,7050,71,17.8,10,8122,83,0.45,0
Morningside College,Yes,586,533,239,16,10520,48,13,32,8111,56,0.91,0
Morris College,Yes,882,730,330,2,4515,53,18.6,34,6990,60,0.83,0
Mount Holyoke College,Yes,1800,1314,526,47,19300,79,9,51,18359,84,0.73,0
Mount Marty College,Yes,279,276,126,17,6844,45,11.7,38,5073,44,0.99,0
Mount Mary College,Yes,235,217,121,12,8950,51,10.7,26,7016,78,0.92,0
Mount Mercy College,Yes,368,317,159,20,10500,44,11.3,30,6695,64,0.86,0
Mount Saint Clare College,Yes,325,284,95,16,9900,32,13.6,43,6525,21,0.87,0
Mount Saint Mary's College,Yes,1321,1159,328,15,12850,77,12.8,36,8536,80,0.88,0
Mount Saint Mary College,Yes,1170,695,238,14,7470,74,15.3,23,6898,88,0.59,0
Mount St. Mary's College,Yes,657,537,113,37,12474,53,11.9,19,10613,72,0.82,0
Mount Union College,Yes,1310,1086,458,26,12250,85,16.7,35,7215,81,0.83,0
Mount Vernon Nazarene College,Yes,510,485,334,18,7400,57,19.8,7,6869,58,0.95,0
Muhlenberg College,Yes,2519,1836,462,30,16975,76,12.8,39,10888,83,0.73,0
Murray State University,No,2225,1910,1190,29,4738,72,20.2,27,5972,52,0.86,0
Muskingum College,Yes,1109,922,375,24,13240,73,13.4,27,9333,73,0.83,0
National-Louis University,Yes,513,347,279,23,9090,62,18.3,2,7905,71,0.68,0
Nazareth College of Rochester,Yes,947,798,266,36,10850,77,13.6,24,8797,61,0.84,0
New Jersey Institute of Technology,No,1879,1216,483,27,8832,92,13.5,19,12529,72,0.65,0
New Mexico Institute of Mining and Tech.,No,787,601,233,40,5376,99,13.7,11,9241,34,0.76,0
New York University,Yes,13594,7244,2505,70,17748,87,7.8,16,21227,71,0.53,0
Newberry College,Yes,872,722,154,14,10194,57,11.4,32,5788,83,0.83,0
Niagara University,Yes,2220,1796,467,65,10320,68,14.2,20,7788,65,0.81,0
North Adams State College,No,1563,1005,240,1,5542,65,14.2,17,6562,57,0.64,0
North Carolina A. & T. State University,No,4809,3089,1429,12,6806,72,16.7,9,7090,44,0.64,0
North Carolina State University at Raleigh,No,10634,7064,3176,39,8400,92,17.5,21,9670,62,0.66,0
North Carolina Wesleyan College,Yes,812,689,195,7,8242,77,12.7,11,10090,52,0.85,0
North Central College,Yes,1127,884,308,30,11718,73,16.4,33,8871,76,0.78,0
North Dakota State University,No,2968,2297,1610,13,5834,79,17,24,6310,42,0.77,0
North Park College,Yes,465,361,176,19,12580,76,13.1,24,10889,74,0.78,0
Northeast Missouri State University,No,6040,4577,1620,36,4856,69,15.7,13,6601,76,0.76,0
Northeastern University,Yes,11901,8492,2517,16,13380,73,12.9,17,9563,46,0.71,0
Northern Arizona University,No,5891,4931,1973,23,6746,78,21.7,7,6157,41,0.84,0
Northern Illinois University,No,10706,7219,2397,12,7799,73,17.3,11,6086,56,0.67,0
Northwest Missouri State University,No,2729,2535,1257,8,3735,62,21.7,23,5284,54,0.93,0
Northwest Nazarene College,Yes,616,514,385,29,9840,59,14.8,20,6261,58,0.83,0
Northwestern College,Yes,860,811,366,22,9900,68,14.9,34,6357,68,0.94,0
Northwestern University,Yes,12289,5200,1902,85,16404,96,6.8,25,26385,92,0.42,0
Norwich University,Yes,1743,1625,626,8,14134,71,13.1,22,9209,63,0.93,0
Notre Dame College,Yes,379,324,107,15,9990,44,12.1,26,4948,33,0.85,0
Oakland University,No,3041,2581,1173,16,9114,88,19.7,13,6637,53,0.85,0
Oberlin College,Yes,4778,2767,678,50,19670,77,10.1,47,16593,83,0.58,0
Occidental College,Yes,2324,1319,370,52,16560,91,10.5,30,16196,79,0.57,0
Oglethorpe University,Yes,792,649,186,56,12900,91,13.1,27,8568,67,0.82,0
Ohio Northern University,Yes,2936,2342,669,35,15990,73,14.5,31,9979,83,0.8,0
Ohio University,No,11023,8298,3183,21,7629,79,20.4,13,8811,64,0.75,0
Ohio Wesleyan University,Yes,2190,1700,458,36,16732,93,12.1,32,12011,75,0.78,0
Oklahoma Baptist University,Yes,758,681,484,35,5390,63,15.1,18,5511,50,0.9,0
Oklahoma Christian University,Yes,776,765,351,22,6400,58,16.2,8,6578,45,0.99,0
Oklahoma State University,No,4522,3913,2181,29,5336,84,15.3,14,6433,48,0.87,0
Otterbein College,Yes,1496,1205,428,26,12888,62,13.9,30,8802,87,0.81,0
Ouachita Baptist University,Yes,910,773,450,31,6530,63,13.3,10,6413,65,0.85,0
Our Lady of the Lake University,Yes,2308,1336,295,22,8530,56,14.9,25,7114,37,0.58,0
Pace University,Yes,8256,3750,1522,37,11000,90,13.8,10,10059,62,0.45,0
Pacific Lutheran University,Yes,1603,1392,504,31,13312,78,11,23,9431,83,0.87,0
Pacific Union College,Yes,940,668,385,20,11925,48,12.3,12,9157,69,0.71,0
Pacific University,Yes,943,849,288,41,14210,76,10.9,22,11216,42,0.9,0
Pembroke State University,No,944,774,440,14,6360,77,15,5,6443,48,0.82,0
Pennsylvania State Univ. Main Campus,No,19315,10344,3450,48,10645,77,18.1,19,8992,63,0.54,0
Pepperdine University,Yes,3821,2037,680,86,18200,95,11.6,13,16185,66,0.53,0
Peru State College,No,701,501,458,10,2580,48,20.1,24,4870,44,0.71,0
Pfeiffer College,Yes,838,651,159,11,8640,62,12.2,13,7634,48,0.78,0
Philadelphia Coll. of Textiles and Sci.,Yes,1538,1259,468,19,11690,48,12.9,15,8028,68,0.82,0
Phillips University,Yes,692,576,174,19,10500,58,11.6,19,8990,39,0.83,0
Piedmont College,Yes,663,562,127,20,5640,89,13.2,17,7309,31,0.85,0
Pikeville College,Yes,404,400,169,28,6000,48,13.4,14,5557,61,0.99,0
Pitzer College,Yes,1133,630,220,37,17688,100,10.4,11,14820,73,0.56,0
Point Loma Nazarene College,Yes,809,687,428,20,10178,71,16.1,19,7895,54,0.85,0
Point Park College,Yes,875,744,207,7,9700,45,14.5,10,7652,66,0.85,0
Polytechnic University,Yes,1132,847,302,58,16200,90,10.4,14,14329,62,0.75,0
Prairie View A. and M. University,No,2405,2234,1061,10,4290,55,19.4,1,5967,35,0.93,0
Presbyterian College,Yes,1082,832,302,34,11859,80,13.4,42,8354,85,0.77,0
Princeton University,Yes,13218,2042,1153,90,19900,91,8.4,54,28320,99,0.15,0
Providence College,Yes,5139,3346,973,20,14400,66,18.4,35,8135,96,0.65,0
Purdue University at West Lafayette,No,21804,18744,5874,29,9556,86,18.2,15,8604,67,0.86,0
Queens College,Yes,516,392,154,32,11020,73,14,36,9315,58,0.76,0
Quincy University,Yes,1025,707,297,22,10100,69,16.3,32,6880,80,0.69,0
Quinnipiac College,Yes,3712,2153,806,17,12030,63,12,33,8847,86,0.58,0
Radford University,No,5702,4894,1742,15,6684,73,19.6,9,4519,62,0.86,0
Ramapo College of New Jersey,No,2088,957,362,6,4449,74,17.8,8,7333,47,0.46,0
Randolph-Macon College,Yes,1771,1325,306,21,13840,77,10.7,38,11080,74,0.75,0
Randolph-Macon Woman's College,Yes,696,616,169,35,13970,88,9.2,24,16358,68,0.89,0
Reed College,Yes,1966,1436,327,47,19960,90,11.8,37,15886,68,0.73,0
Regis College,Yes,427,385,143,18,12700,81,10.3,37,11758,84,0.9,0
Rensselaer Polytechnic Institute,Yes,4996,4165,936,53,17475,94,15.4,21,15605,70,0.83,0
Rhodes College,Yes,2302,1831,391,58,15200,90,10.8,47,13388,77,0.8,0
Rider University,Yes,3586,2424,730,16,13250,84,12.3,23,11299,70,0.68,0
Ripon College,Yes,587,501,211,28,15200,87,9.4,49,12472,64,0.85,0
Rivier College,Yes,484,386,141,6,9870,59,12.2,19,6744,81,0.8,0
Roanoke College,Yes,2227,1790,437,27,13425,85,13,26,9405,72,0.8,0
Rockhurst College,Yes,935,858,345,22,9490,60,10.7,21,7519,79,0.92,0
Rocky Mountain College,Yes,560,392,270,11,8734,56,11.3,27,6422,68,0.7,0
Roger Williams University,Yes,3304,2804,679,10,12520,44,16.4,8,7957,61,0.85,0
Rollins College,Yes,1777,1151,382,31,16425,81,13.3,23,11561,90,0.65,0
Rosary College,Yes,434,321,141,28,10950,79,12.9,30,9264,81,0.74,0
Rowan College of New Jersey,No,3820,1431,695,21,4356,76,22.1,6,7252,51,0.37,0
Rutgers at New Brunswick,No,48094,26330,4520,36,7410,90,19.5,19,10474,77,0.55,0
Rutgers State University at Camden,No,3366,1752,232,27,7411,90,18.6,12,10134,57,0.52,0
Rutgers State University at Newark,No,5785,2690,499,26,7410,90,17.4,16,11878,58,0.46,0
Sacred Heart University,Yes,2307,1896,509,19,11070,71,14.8,16,7120,82,0.82,0
Saint Ambrose University,Yes,897,718,276,12,10450,56,14.1,16,7444,70,0.8,0
Saint Anselm College,Yes,2095,1553,514,15,12950,70,14.5,29,6719,97,0.74,0
Saint Cloud State University,No,3971,3306,1921,10,4259,70,18.9,10,4629,58,0.83,0
Saint Francis College IN,Yes,213,166,85,13,8670,43,12.5,4,7440,48,0.78,0
Saint Francis College,Yes,1046,824,284,21,10880,64,19.3,24,7344,69,0.79,0
Saint John's University,Yes,933,800,444,18,12247,76,12,38,9853,70,0.86,0
Saint Joseph's College IN,Yes,920,684,225,24,11200,55,14.8,19,7360,67,0.74,0
Saint Joseph's College,Yes,833,682,217,12,9985,53,27.2,8,4322,85,0.82,0
Saint Joseph's University,Yes,2519,2003,776,39,12750,84,17.4,13,8243,83,0.8,0
Saint Joseph College,Yes,292,241,96,20,12200,87,11.2,32,8680,76,0.83,0
Saint Louis University,Yes,3294,2855,956,44,11690,84,4.6,19,18367,67,0.87,0
Saint Mary's College,Yes,888,734,393,26,12730,74,9.9,31,11165,98,0.83,0
Saint Mary's College of Minnesota,Yes,876,802,367,14,10800,68,18.8,19,5081,78,0.92,0
Saint Mary-of-the-Woods College,Yes,150,130,88,23,10300,44,10.2,37,9678,75,0.87,0
Saint Michael's College,Yes,1910,1380,463,16,13030,79,14.5,34,10190,84,0.72,0
Saint Olaf College,Yes,2248,1673,745,38,14350,82,10,31,12502,83,0.74,0
Saint Peter's College,Yes,1606,1413,530,23,9408,78,12.1,22,7669,53,0.88,0
Saint Vincent College,Yes,700,595,278,19,10850,62,12.3,31,8534,88,0.85,0
Saint Xavier University,Yes,785,647,295,15,10860,87,13.7,15,8953,55,0.82,0
Salem-Teikyo University,Yes,489,384,120,23,10575,46,13,9,8946,98,0.79,0
Salem College,Yes,335,284,132,28,10475,68,11.2,46,9599,60,0.85,0
Salisbury State University,No,4216,2290,736,20,5130,73,17.9,18,5125,56,0.54,0
Samford University,Yes,1680,1395,691,34,8236,74,14.7,17,9533,61,0.83,0
San Diego State University,No,9402,7020,2151,20,8384,87,19.5,7,7930,41,0.75,0
Santa Clara University,Yes,4019,2779,888,40,13584,88,13.9,19,10872,100,0.69,0
Sarah Lawrence College,Yes,1380,768,263,57,19300,89,6.1,18,14779,83,0.56,0
Savannah Coll. of Art and Design,Yes,1109,688,386,20,8325,14,16.1,26,6874,55,0.62,0
Schreiner College,Yes,584,413,131,19,8955,51,11.8,23,8545,52,0.71,0
Scripps College,Yes,855,632,139,60,17238,95,8.2,41,18372,73,0.74,0
Seattle Pacific University,Yes,1183,1016,411,42,12669,83,16.8,20,10368,66,0.86,0
Seattle University,Yes,2115,1540,494,28,12825,85,12.2,16,10175,89,0.73,0
Seton Hall University,Yes,4576,3565,1000,16,12000,81,14.4,15,10080,64,0.78,0
Seton Hill College,Yes,936,794,197,24,11240,71,11.2,37,10065,71,0.85,0
Shippensburg University of Penn.,No,5818,3281,1116,14,7844,80,18.8,13,6719,72,0.56,0
Shorter College,Yes,540,445,165,23,7210,62,13.2,18,7356,58,0.82,0
Siena College,Yes,2961,1932,628,24,10800,71,14.1,42,8189,100,0.65,0
Siena Heights College,Yes,464,419,183,10,9240,29,7.2,17,9431,47,0.9,0
Simmons College,Yes,1003,782,295,23,16160,74,8.9,33,14086,79,0.78,0
Simpson College,Yes,1016,872,300,27,11250,66,15.8,36,7411,70,0.86,0
Sioux Falls College,Yes,437,400,211,13,8990,73,14.8,7,7881,48,0.92,0
Skidmore College,Yes,4293,2728,591,25,18710,87,12.7,29,14837,81,0.64,0
Smith College,Yes,2925,1598,632,51,18820,85,10.3,44,21199,90,0.55,0
South Dakota State University,No,2807,2589,1701,13,3811,62,15,29,5084,67,0.92,0
Southeast Missouri State University,No,2281,1870,1408,18,4680,75,17.1,8,5916,45,0.82,0
Southeastern Oklahoma State Univ.,No,818,700,447,20,3738,55,19.6,9,4444,53,0.86,0
Southern California College,Yes,385,340,193,18,9520,63,18.6,11,8219,43,0.88,0
Southern Illinois University at Edwardsville,No,2540,2195,994,13,5472,76,16.5,8,7498,43,0.86,0
Southern Methodist University,Yes,4301,3455,1166,41,12772,74,13.5,17,12726,72,0.8,0
Southwest Baptist University,Yes,1093,1093,642,12,7070,52,15.9,13,4718,71,1,0
Southwest Missouri State University,No,6118,5254,3204,15,4740,70,19.9,11,4632,56,0.86,0
Southwest State University,No,1047,938,511,13,4285,58,16.5,31,6591,51,0.9,0
Southwestern Adventist College,Yes,321,318,172,11,7536,44,13,12,5309,36,0.99,0
Southwestern College,Yes,213,155,75,28,7200,56,11.8,12,7818,52,0.73,0
Southwestern University,Yes,1244,912,352,44,11850,83,11.3,35,12995,67,0.73,0
Spalding University,Yes,283,201,97,10,8400,50,10.6,40,6860,89,0.71,0
Spelman College,Yes,3713,1237,443,47,7000,73,12.5,18,9988,65,0.33,0
Spring Arbor College,Yes,372,362,181,15,8600,48,15.4,9,10938,49,0.97,0
St. Bonaventure University,Yes,1489,1313,375,13,10456,91,17.7,32,9828,78,0.88,0
St. John's College,Yes,323,278,122,31,16150,63,7.2,26,15622,64,0.86,0
St. John Fisher College,Yes,1368,1064,354,19,10570,86,14.5,29,7908,66,0.78,0
St. Lawrence University,Yes,2753,1820,505,31,18720,90,11.5,38,14980,85,0.66,0
St. Martin's College,Yes,191,165,63,5,11550,43,14.5,8,9209,40,0.86,0
St. Mary's College of California,Yes,2643,1611,465,36,13332,88,16.1,17,9619,78,0.61,0
St. Mary's College of Maryland,No,1340,695,285,42,6800,84,11.6,23,10357,63,0.52,0
St. Mary's University of San Antonio,Yes,1243,1020,414,33,8678,82,16.2,7,7651,72,0.82,0
St. Norbert College,Yes,1334,1243,568,30,12140,74,15.1,36,8595,88,0.93,0
St. Paul's College,Yes,651,581,243,8,5000,45,14,8,8426,45,0.89,0
St. Thomas Aquinas College,Yes,861,609,215,10,8650,69,16.1,13,6534,67,0.71,0
Stephens College,Yes,450,405,194,17,13900,46,10.9,17,9995,59,0.9,0
Stetson University,Yes,1557,1227,489,37,12315,85,12.5,24,10307,73,0.79,0
Stevens Institute of Technology,Yes,1768,1249,380,51,16900,89,19,33,12837,79,0.71,0
Stockton College of New Jersey,No,4019,1579,710,23,3040,78,19.5,7,5599,64,0.39,0
Stonehill College,Yes,3646,2300,585,25,12170,79,13,30,7495,97,0.63,0
SUNY at Albany,No,13528,9198,1843,16,6550,93,17.4,16,9075,74,0.68,0
SUNY at Binghamton,No,14463,6166,1757,60,6550,83,18,15,8055,80,0.43,0
SUNY at Buffalo,No,15039,9649,3087,36,6550,90,13.6,15,11177,56,0.64,0
SUNY at Stony Brook,No,12512,6969,1724,27,6550,91,10.5,7,13705,57,0.56,0
SUNY College  at Brockport,No,7294,3564,904,7,6550,79,19,14,6632,49,0.49,0
SUNY College  at Oswego,No,8000,4556,1464,17,6550,69,22,21,5280,63,0.57,0
SUNY College at Buffalo,No,5318,3515,1025,8,6550,71,18.7,12,7511,42,0.66,0
SUNY College at Cortland,No,7888,3519,1036,6,6550,82,17.8,17,5563,53,0.45,0
SUNY College at Fredonia,No,4877,2798,814,13,6550,82,16.3,10,6442,66,0.57,0
SUNY College at Geneseo,No,8598,4562,1143,56,6550,79,19.1,25,5716,76,0.53,0
SUNY College at New Paltz,No,8399,3609,656,19,6550,85,15.3,8,6608,53,0.43,0
SUNY College at Plattsburgh,No,5549,3583,853,9,6550,80,17.9,16,6174,65,0.65,0
SUNY College at Potsdam,No,3150,2289,650,16,6840,71,15.1,17,6436,59,0.73,0
SUNY College at Purchase,No,2119,1264,390,5,6550,80,14.9,8,8170,46,0.6,0
Susquehanna University,Yes,2096,1512,465,27,16130,83,13.9,37,10554,90,0.72,0
Sweet Briar College,Yes,462,402,146,36,14500,91,6.5,48,18953,61,0.87,0
Syracuse University,Yes,10477,7260,2442,28,15150,73,11.3,13,14231,67,0.69,0
Tabor College,Yes,257,183,109,19,7850,55,10,15,7233,53,0.71,0
Talladega College,Yes,4414,1500,335,30,5666,56,15.5,7,5970,46,0.34,0
Taylor University,Yes,1769,1092,437,41,10965,60,14.2,32,8294,98,0.62,0
Tennessee Wesleyan College,Yes,232,182,99,7,7070,59,8.9,16,6286,36,0.78,0
Texas A&M Univ. at College Station,No,14474,10519,6392,49,5130,89,23.1,29,8471,69,0.73,0
Texas A&M University at Galveston,No,529,481,243,22,4860,103,17.4,16,6415,43,0.91,0
Texas Christian University,Yes,4095,3079,1195,33,8490,81,14.8,23,9158,64,0.75,0
Texas Lutheran College,Yes,497,423,215,27,7850,54,13.8,24,7002,50,0.85,0
Texas Southern University,No,4345,3245,2604,15,7860,65,18.2,21,3605,10,0.75,0
Texas Wesleyan University,Yes,592,501,279,19,6400,80,14.5,10,7936,43,0.85,0
The Citadel,No,1500,1242,611,12,7070,95,17.1,17,7744,84,0.83,0
Thiel College,Yes,1154,951,253,15,11172,68,11.6,16,9186,60,0.82,0
Tiffin University,Yes,845,734,254,5,7600,59,19,40,5096,39,0.87,0
Transylvania University,Yes,759,729,244,57,10900,81,12.1,41,10219,70,0.96,0
Trenton State College,No,5042,2312,944,55,5391,81,14.4,6,8504,81,0.46,0
Tri-State University,Yes,1262,1102,276,14,9456,53,12.8,24,7603,65,0.87,0
Trinity College CT,Yes,3058,1798,478,46,18810,91,10.4,48,18034,91,0.59,0
Trinity College DC,Yes,247,189,100,19,11412,89,8.3,37,11806,96,0.77,0
Trinity College VT,Yes,222,185,91,16,11010,58,10.4,26,9586,78,0.83,0
Trinity University,Yes,2425,1818,601,62,12240,94,9.6,20,14703,93,0.75,0
Tulane University,Yes,7033,5125,1223,47,19040,98,9.1,21,16920,74,0.73,0
Tusculum College,Yes,626,372,145,12,7700,70,21.9,28,4933,52,0.59,0
Tuskegee University,Yes,2267,1827,611,20,6735,70,12.2,7,10872,65,0.81,0
Union College KY,Yes,484,384,177,9,7800,60,14.1,9,6864,64,0.79,0
Union College NY,Yes,3495,1712,528,49,18732,94,11.5,49,15411,88,0.49,0
Univ. of Wisconsin at OshKosh,No,4800,2900,1515,14,6874,73,19.2,14,5901,56,0.6,0
University of Alabama at Birmingham,No,1797,1260,938,24,4440,96,6.7,16,16352,33,0.7,0
University of Arkansas at Fayetteville,No,3235,3108,2133,25,5028,73,14.8,10,6820,39,0.96,0
University of California at Berkeley,No,19873,8252,3215,95,11648,93,15.8,10,13919,78,0.42,0
University of California at Irvine,No,15698,10775,2478,85,12024,96,16.1,11,15934,66,0.69,0
University of Central Florida,No,6986,2959,1918,25,6618,80,22.2,9,6742,46,0.42,0
University of Charleston,Yes,682,535,204,22,9500,26,2.5,10,7683,57,0.78,0
University of Chicago,Yes,6348,2999,922,68,18930,99,5.3,36,36854,90,0.47,0
University of Cincinnati,No,6855,5553,2408,26,8907,89,10.8,6,13889,54,0.81,0
University of Connecticut at Storrs,No,9735,7187,2064,23,11656,89,16,16,10178,71,0.74,0
University of Dallas,Yes,681,588,246,44,10760,85,13.4,26,8731,63,0.86,0
University of Dayton,Yes,6361,5293,1507,26,11380,81,14.8,25,8894,93,0.83,0
University of Delaware,Yes,14446,10516,3252,22,10220,82,18.3,15,10650,75,0.73,0
University of Denver,Yes,2974,2001,580,29,15192,84,15.9,21,11762,67,0.67,0
University of Detroit Mercy,Yes,927,731,415,24,11130,72,13.5,14,10891,51,0.79,0
University of Dubuque,Yes,576,558,137,11,10430,85,16.5,18,8767,45,0.97,0
University of Evansville,Yes,2096,1626,694,35,11800,60,15.8,26,7780,77,0.78,0
University of Florida,No,12445,8836,3623,54,7090,88,13.4,20,14737,66,0.71,0
University of Georgia,No,11220,7871,3320,43,5697,88,14.7,22,7881,63,0.7,0
University of Hartford,Yes,5081,4040,1194,11,14220,61,10.7,9,10625,66,0.8,0
University of Hawaii at Manoa,No,3580,2603,1627,36,4460,85,11.8,6,12833,54,0.73,0
University of Illinois - Urbana,No,14939,11652,5705,52,7560,87,17.4,13,8559,81,0.78,0
University of Illinois at Chicago,No,8384,5727,2710,22,7230,82,10,6,13883,34,0.68,0
University of Indianapolis,Yes,1487,1276,388,26,11120,55,11.1,23,6735,69,0.86,0
University of Kansas,No,8579,5561,3681,25,6994,88,13.7,17,9657,57,0.65,0
University of La Verne,Yes,1597,969,226,16,13540,66,14.1,23,10139,47,0.61,0
University of Louisville,No,4777,3057,1823,16,6540,84,11.1,24,10207,31,0.64,0
University of Maine at Farmington,No,1208,803,438,20,6810,67,15.9,26,5712,59,0.66,0
University of Maine at Machias,No,441,369,172,17,6600,46,15.1,4,5935,64,0.84,0
University of Maine at Presque Isle,No,461,381,235,10,6600,67,15.2,11,6408,35,0.83,0
University of Maryland at Baltimore County,No,4269,2594,985,27,8594,82,18.4,6,7618,55,0.61,0
University of Maryland at College Park,No,14292,10315,3409,22,8723,89,18.1,12,9021,63,0.72,0
University of Massachusetts at Amherst,No,14438,12414,3816,12,8566,88,16.7,15,10276,68,0.86,0
University of Massachusetts at Dartmouth,No,3347,2597,1006,10,6919,74,15,20,7462,56,0.78,0
University of Miami,Yes,7122,5386,1643,42,16500,82,5.9,17,17500,59,0.76,0
University of Michigan at Ann Arbor,No,19152,12940,4893,66,15732,90,11.5,26,14847,87,0.68,0
University of Minnesota at Duluth,No,4192,3126,1656,15,8828,79,19,11,6393,53,0.75,0
University of Minnesota at Morris,No,1458,874,588,56,9843,74,14.6,16,6716,51,0.6,0
University of Minnesota Twin Cities,No,11054,6397,3524,26,8949,88,12.2,37,16122,45,0.58,0
University of Mississippi,No,3844,3383,1669,26,4916,81,20.3,14,6971,53,0.88,0
University of Missouri at Columbia,No,6574,4637,2940,32,9057,87,12.7,15,10145,58,0.71,0
University of Missouri at Rolla,No,1877,1826,823,49,9057,88,14.4,23,9699,49,0.97,0
University of Missouri at Saint Louis,No,1618,1141,479,18,7246,71,13.4,15,6433,48,0.71,0
University of Mobile,Yes,452,331,269,17,6150,59,16.6,4,5412,52,0.73,0
University of Montevallo,No,1351,892,570,18,4440,72,18.9,8,5883,51,0.66,0
University of Nebraska at Lincoln,No,6277,6003,3526,33,5595,86,15.1,48,6813,53,0.96,0
University of New England,Yes,1209,750,265,19,11450,72,11.4,13,9718,64,0.62,0
University of New Hampshire,No,9750,7640,2529,24,11180,89,17.5,16,7855,75,0.78,0
University of North Carolina at Asheville,No,1757,979,394,32,5972,77,13,11,7011,37,0.56,0
University of North Carolina at Chapel Hill,No,14596,5985,3331,75,8400,88,8.9,23,15893,83,0.41,0
University of North Carolina at Charlotte,No,5803,4441,1730,19,7248,79,16.8,7,6227,62,0.77,0
University of North Carolina at Greensboro,No,5191,4134,1500,15,8677,75,15.5,17,7392,53,0.8,0
University of North Carolina at Wilmington,No,6071,3856,1449,15,7558,82,19.1,15,6005,55,0.64,0
University of North Dakota,No,2777,2249,1652,20,5634,97,15.9,16,9424,49,0.81,0
University of North Florida,No,1800,1253,560,44,6634,82,17.8,14,6104,47,0.7,0
University of North Texas,No,4418,2737,2049,23,4104,86,22.6,6,5657,35,0.62,0
University of Northern Colorado,No,5530,4007,1697,12,7731,75,21.5,8,6309,40,0.72,0
University of Northern Iowa,No,4144,3379,1853,18,6197,78,16.3,26,6333,77,0.82,0
University of Notre Dame,Yes,7700,3700,1906,79,16850,96,13.1,46,13936,97,0.48,0
University of Oklahoma,No,4743,3970,2233,32,5173,86,11.5,11,10244,44,0.84,0
University of Oregon,No,8631,6732,2546,25,10602,79,19.7,13,8020,54,0.78,0
University of Pennsylvania,Yes,12394,5232,2464,85,17020,95,6.3,38,25765,93,0.42,0
University of Pittsburgh-Main Campus,No,8586,6383,2503,25,10786,93,7.8,10,13789,66,0.74,0
University of Portland,Yes,1758,1485,419,27,12040,92,13.2,17,9060,72,0.84,0
University of Puget Sound,Yes,4044,2826,688,51,16230,79,15,17,11217,63,0.7,0
University of Rhode Island,No,9643,7751,1968,12,10330,84,16.6,7,9158,63,0.8,0
University of Richmond,Yes,5892,2718,756,46,14500,75,11.7,32,11984,100,0.46,0
University of Rochester,Yes,8766,5498,1243,56,17840,93,5.9,23,26037,80,0.63,0
University of San Diego,Yes,3934,2735,886,40,13600,93,15.6,13,10813,66,0.7,0
University of San Francisco,Yes,2306,1721,538,23,13226,86,13.6,8,10074,62,0.75,0
University of Sci. and Arts of Oklahoma,No,285,280,208,21,3687,67,23.6,3,3864,43,0.98,0
University of Scranton,Yes,4471,2942,910,29,11584,83,14.1,41,9131,92,0.66,0
University of South Carolina at Aiken,No,848,560,377,14,5800,62,14.8,3,5035,48,0.66,0
University of South Carolina at Columbia,No,7693,5815,2328,30,8074,84,16.9,18,8246,63,0.76,0
University of South Florida,No,7589,4676,1876,29,6760,84,17,7,11020,47,0.62,0
University of Southern California,Yes,12229,8498,2477,45,17230,90,11.4,10,17007,68,0.69,0
University of Southern Colorado,No,1401,1239,605,10,7100,63,19.4,0,5389,36,0.88,0
University of Southern Indiana,No,2379,2133,1292,8,4973,56,22,21,4078,38,0.9,0
University of Southern Mississippi,No,2850,2044,1046,20,4652,78,18.7,23,5917,45,0.72,0
University of St. Thomas MN,Yes,2057,1807,828,26,11712,80,13.8,13,8546,89,0.88,0
University of St. Thomas TX,Yes,374,280,185,45,8550,75,12.6,17,7237,62,0.75,0
University of Tennessee at Knoxville,No,7473,5372,3013,27,5764,86,16.5,22,8612,53,0.72,0
University of Texas at Arlington,No,3281,2559,1448,19,4422,73,21,4,4696,29,0.78,0
University of Texas at Austin,No,14752,9572,5329,48,5130,91,19.7,11,7837,65,0.65,0
University of Texas at San Antonio,No,4217,3100,1686,17,4104,94,25.3,3,4329,50,0.74,0
University of the Arts,Yes,974,704,290,5,12520,16,7.5,9,11641,57,0.72,0
University of the Pacific,Yes,2459,1997,582,36,16320,87,11.2,14,13706,65,0.81,0
University of the South,Yes,1445,966,326,46,15350,89,10.3,52,18784,82,0.67,0
University of Tulsa,Yes,1712,1557,696,41,11750,94,11.5,10,11743,47,0.91,0
University of Utah,No,5095,4491,2400,27,6857,89,12.8,9,9275,37,0.88,0
University of Vermont,No,7663,6008,1735,18,15516,87,9.9,10,12646,79,0.78,0
University of Virginia,No,15849,5384,2678,74,12212,90,9.5,22,13597,95,0.34,0
University of Washington,No,12749,7025,3343,40,8199,96,9,10,16527,65,0.55,0
University of West Florida,No,1558,1254,472,20,6172,83,23.4,12,8488,53,0.8,0
University of Wisconsin-Stout,No,2593,1966,1030,9,6704,78,21,17,6254,65,0.76,0
University of Wisconsin-Superior,No,910,910,342,14,7032,75,15.2,15,6490,36,1,0
University of Wisconsin-Whitewater,No,4400,3719,1472,12,6950,90,23.1,16,5559,67,0.85,0
University of Wisconsin at Green Bay,No,2409,1939,759,17,6900,81,22.2,1,5968,46,0.8,0
University of Wisconsin at Madison,No,14901,10932,4631,36,9096,93,11.5,20,11006,72,0.73,0
University of Wisconsin at Milwaukee,No,5244,3782,1930,12,8786,79,15.9,8,8094,38,0.72,0
University of Wyoming,No,2029,1516,1073,23,5988,91,15.1,13,8745,45,0.75,0
Upper Iowa University,Yes,663,452,192,10,8840,69,17.4,19,3733,78,0.68,0
Ursinus College,Yes,1399,1026,308,44,14900,82,11.6,40,12082,79,0.73,0
Ursuline College,Yes,325,260,86,21,9600,39,10.5,15,7164,68,0.8,0
Valley City State University,No,368,344,212,5,4286,39,14.9,25,4958,40,0.93,0
Valparaiso University,Yes,2075,1727,520,49,11800,87,14.2,23,9681,95,0.83,0
Vanderbilt University,Yes,7791,4690,1499,71,17865,93,5.8,26,23850,83,0.6,0
Vassar College,Yes,3550,1877,653,53,18920,90,9.7,39,17089,90,0.53,0
Villanova University,Yes,7759,5588,1477,30,15925,89,13.4,24,10458,96,0.72,0
Virginia Commonwealth University,No,4963,3497,1567,18,10217,81,8.7,11,11183,45,0.7,0
Virginia State University,No,2996,2440,704,2,5587,61,16,11,5733,31,0.81,0
Virginia Tech,No,15712,11719,4277,29,10260,85,13.8,20,8944,73,0.75,0
Virginia Union University,Yes,1847,1610,453,19,7384,51,13.7,8,6757,30,0.87,0
Virginia Wesleyan College,Yes,1470,900,287,20,10900,70,15.7,14,7804,68,0.61,0
Viterbo College,Yes,647,518,271,17,9140,51,10.7,31,8050,73,0.8,0
Voorhees College,Yes,1465,1006,188,10,4450,43,22.9,3,5861,58,0.69,0
Wabash College,Yes,800,623,256,41,12925,78,9.9,55,14904,72,0.78,0
Wagner College,Yes,1416,1015,417,10,13500,67,13.2,23,9006,75,0.72,0
Wake Forest University,Yes,5661,2392,903,75,13850,95,4.3,37,41766,89,0.42,0
Walsh University,Yes,1092,890,477,27,8670,42,11.3,33,5738,68,0.82,0
Warren Wilson College,Yes,440,311,112,25,10000,65,11.4,20,9430,63,0.71,0
Wartburg College,Yes,1231,1074,345,34,11600,66,12.4,37,7735,67,0.87,0
Washington and Jefferson College,Yes,1305,1100,334,42,16260,91,12.1,40,10162,86,0.84,0
Washington and Lee University,Yes,3315,1096,425,68,13750,81,9.6,45,15736,90,0.33,0
Washington College,Yes,1209,942,214,31,15276,79,11.2,37,10830,65,0.78,0
Washington State University,No,6540,5839,2440,31,8200,84,16.9,30,10912,56,0.89,0
Washington University,Yes,7654,5259,1254,62,18350,91,3.9,31,45702,90,0.69,0
Wayne State College,No,1373,1373,724,6,2700,60,20.3,29,4550,52,1,0
Waynesburg College,Yes,1190,978,324,12,8840,57,16.2,26,6563,63,0.82,0
Webber College,Yes,280,143,79,5,5590,53,15.1,4,4839,90,0.51,0
Webster University,Yes,665,462,226,17,9160,68,20.6,14,6951,48,0.69,0
Wellesley College,Yes,2895,1249,579,80,18345,94,10.6,51,21409,91,0.43,0
Wells College,Yes,318,240,130,40,14900,93,8.3,42,13935,69,0.75,0
Wentworth Institute of Technology,Yes,1480,1257,452,6,9850,10,15.4,8,17858,64,0.85,0
Wesley College,Yes,980,807,350,10,9890,52,14.4,15,6243,84,0.82,0
Wesleyan University,Yes,4772,1973,712,60,19130,90,12.1,39,16262,92,0.41,0
West Chester University of Penn.,No,6502,3539,1372,11,7844,76,15.3,16,6773,52,0.54,0
West Liberty State College,No,1164,1062,478,12,4470,33,16.3,10,4249,60,0.91,0
West Virginia Wesleyan College,Yes,1566,1400,483,28,14200,58,16.4,42,8080,67,0.89,0
Western Carolina University,No,3224,2519,1057,11,6390,67,14.6,9,6554,55,0.78,0
Western Maryland College,Yes,1205,984,278,31,14510,84,12.5,39,10026,60,0.82,0
Western Michigan University,No,9167,7191,2738,24,6940,80,24.7,11,5983,55,0.78,0
Western New England College,Yes,1650,1471,409,7,8994,74,15.4,15,8409,59,0.89,0
Western State College of Colorado,No,2702,1623,604,7,5918,76,19.4,4,4599,52,0.6,0
Western Washington University,No,5548,3563,1549,30,8124,83,22.7,10,7203,61,0.64,0
Westfield State College,No,3100,2150,825,3,5542,75,15.7,20,4222,65,0.69,0
Westminster College MO,Yes,662,553,184,20,10720,66,12.5,20,7925,62,0.84,0
Westminster College,Yes,996,866,377,29,12065,62,12.5,41,8596,80,0.87,0
Westminster College of Salt Lake City,Yes,917,720,213,21,8820,68,10.5,34,7170,50,0.79,0
Westmont College,No,950,713,351,42,14320,77,14.9,17,8837,87,0.75,0
Wheaton College IL,Yes,1432,920,548,56,11480,81,12.7,40,11916,85,0.64,0
Westminster College PA,Yes,1738,1373,417,21,18460,92,13.2,41,22704,71,0.79,0
Wheeling Jesuit College,Yes,903,755,213,15,10500,66,14.1,27,7494,72,0.84,0
Whitman College,Yes,1861,998,359,45,16670,80,10.5,51,13198,72,0.54,0
Whittier College,Yes,1681,1069,344,35,16249,84,13.6,29,11778,52,0.64,0
Whitworth College,Yes,1121,926,372,43,12660,80,16.9,20,8328,80,0.83,0
Widener University,Yes,2139,1492,502,24,12350,88,12.6,19,9603,63,0.7,0
Wilkes University,Yes,1631,1431,434,15,11150,78,13.3,24,8543,67,0.88,0
Willamette University,Yes,1658,1327,395,49,14800,91,13.3,37,10779,68,0.8,0
William Jewell College,Yes,663,547,315,32,10060,74,11.2,19,7885,59,0.83,0
William Woods University,Yes,469,435,227,17,10535,39,12.9,16,7438,52,0.93,0
Williams College,Yes,4186,1245,526,81,19629,94,9,64,22014,99,0.3,0
Wilson College,Yes,167,130,46,16,11428,67,8.3,43,10291,67,0.78,0
Wingate College,Yes,1239,1017,383,10,7820,69,13.9,8,7264,91,0.82,0
Winona State University,No,3325,2047,1301,20,4200,53,20.2,18,5318,58,0.62,0
Winthrop University,No,2320,1805,769,24,6400,71,12.8,26,6729,59,0.78,0
Wisconsin Lutheran College,Yes,152,128,75,17,9100,48,8.5,26,8960,50,0.84,0
Wittenberg University,Yes,1979,1739,575,42,15948,82,12.8,29,10414,78,0.88,0
Wofford College,Yes,1501,935,273,51,12680,91,15.3,42,7875,75,0.62,0
Worcester Polytechnic Institute,Yes,2768,2314,682,49,15884,92,15.2,34,10774,82,0.84,0
Worcester State College,No,2197,1515,543,4,6797,60,21,14,4469,40,0.69,0
Xavier University,Yes,1959,1805,695,24,11520,73,13.3,31,9189,83,0.92,0
Xavier University of Louisiana,Yes,2097,1915,695,34,6900,67,14.4,20,8323,49,0.91,0
Yale University,Yes,10705,2453,1317,95,19840,96,5.8,49,40386,99,0.23,0
York College of Pennsylvania,Yes,2989,1855,691,28,4990,75,18.1,28,4509,99,0.62,0
